"","ID","year","month","element","Val1","xxM1","xxQ1","xxS1","Val2","xxM2","xxQ2","xxS2","Val3","xxM3","xxQ3","xxS3","Val4","xxM4","xxQ4","xxS4","Val5","xxM5","xxQ5","xxS5","Val6","xxM6","xxQ6","xxS6","Val7","xxM7","xxQ7","xxS7","Val8","xxM8","xxQ8","xxS8","Val9","xxM9","xxQ9","xxS9","Val10","xxM10","xxQ10","xxS10","Val11","xxM11","xxQ11","xxS11","Val12","xxM12","xxQ12","xxS12","Val13","xxM13","xxQ13","xxS13","Val14","xxM14","xxQ14","xxS14","Val15","xxM15","xxQ15","xxS15","Val16","xxM16","xxQ16","xxS16","Val17","xxM17","xxQ17","xxS17","Val18","xxM18","xxQ18","xxS18","Val19","xxM19","xxQ19","xxS19","Val20","xxM20","xxQ20","xxS20","Val21","xxM21","xxQ21","xxS21","Val22","xxM22","xxQ22","xxS22","Val23","xxM23","xxQ23","xxS23","Val24","xxM24","xxQ24","xxS24","Val25","xxM25","xxQ25","xxS25","Val26","xxM26","xxQ26","xxS26","Val27","xxM27","xxQ27","xxS27","Val28","xxM28","xxQ28","xxS28","Val29","xxM29","xxQ29","xxS29","Val30","xxM30","xxQ30","xxS30","Val31","xxM31","xxQ31","xxS31"
"16","USC00131099",1900,1,"PRCP",0,"T"," ","6",0,"P"," ","6",0,"P"," ","6",0,"P"," ","6",0,"P"," ","6",0,"P"," ","6",0,"P"," ","6",0,"P"," ","6",38," "," ","6",0,"P"," ","6",0,"T"," ","6",0,"P"," ","6",0,"P"," ","6",0,"P"," ","6",0,"P"," ","6",0,"P"," ","6",58," "," ","6",0,"P"," ","6",0,"P"," ","6",0,"P"," ","6",0,"P"," ","6",0,"P"," ","6",0,"P"," ","6",0,"P"," ","6",0,"P"," ","6",0,"P"," ","6",0,"P"," ","6",0,"P"," ","6",0,"P"," ","6",0,"P"," ","6",0,"P"," ","6"
"18","USC00131099",1900,2,"PRCP",0,"P"," ","6",0,"P"," ","6",38," "," ","6",0,"P"," ","6",0,"P"," ","6",0,"P"," ","6",157," "," ","6",25," "," ","6",0,"P"," ","6",0,"P"," ","6",0,"P"," ","6",76," "," ","6",0,"P"," ","6",51," "," ","6",0,"P"," ","6",0,"P"," ","6",0,"P"," ","6",0,"P"," ","6",0,"P"," ","6",0,"P"," ","6",51," "," ","6",0,"P"," ","6",38," "," ","6",0,"P"," ","6",51," "," ","6",0,"P"," ","6",25," "," ","6",0,"P"," ","6",NA," "," "," ",NA," "," "," ",NA," "," "," "
"20","USC00131099",1900,3,"PRCP",0,"P"," ","6",0,"P"," ","6",0,"P"," ","6",0,"P"," ","6",51," "," ","6",0,"P"," ","6",0,"P"," ","6",0,"P"," ","6",0,"P"," ","6",0,"P"," ","6",0,"P"," ","6",0,"P"," ","6",0,"P"," ","6",0,"P"," ","6",0,"T"," ","6",0,"P"," ","6",0,"P"," ","6",0,"P"," ","6",0,"P"," ","6",0,"P"," ","6",0,"P"," ","6",0,"P"," ","6",0,"P"," ","6",38," "," ","6",0,"P"," ","6",0,"P"," ","6",0,"P"," ","6",406," "," ","6",0,"P"," ","6",0,"P"," ","6",0,"P"," ","6"
"24","USC00131099",1900,4,"PRCP",0,"P"," ","6",0,"P"," ","6",0,"P"," ","6",0,"P"," ","6",0,"P"," ","6",0,"P"," ","6",0,"P"," ","6",0,"P"," ","6",0,"P"," ","6",0,"P"," ","6",0,"P"," ","6",0,"P"," ","6",0,"P"," ","6",0,"P"," ","6",0,"P"," ","6",406," "," ","6",229," "," ","6",18," "," ","6",0,"P"," ","6",0,"P"," ","6",0,"P"," ","6",0,"P"," ","6",56," "," ","6",0,"P"," ","6",0,"P"," ","6",0,"P"," ","6",0,"P"," ","6",0,"P"," ","6",0,"P"," ","6",0,"P"," ","6",NA," "," "," "
"25","USC00131099",1900,5,"PRCP",23," "," ","6",0,"P"," ","6",0,"P"," ","6",0,"P"," ","6",180," "," ","6",0,"P"," ","6",163," "," ","6",0,"P"," ","6",0,"P"," ","6",0,"P"," ","6",0,"P"," ","6",0,"P"," ","6",0,"P"," ","6",46," "," ","6",56," "," ","6",0,"P"," ","6",0,"P"," ","6",102," "," ","6",102," "," ","6",0,"P"," ","6",0,"P"," ","6",61," "," ","6",0,"P"," ","6",0,"P"," ","6",0,"P"," ","6",0,"P"," ","6",0,"P"," ","6",0,"P"," ","6",0,"P"," ","6",0,"P"," ","6",0,"P"," ","6"
"26","USC00131099",1900,6,"PRCP",0,"P"," ","6",0,"P"," ","6",0,"P"," ","6",0,"P"," ","6",0,"P"," ","6",0,"P"," ","6",173," "," ","6",0,"P"," ","6",0,"P"," ","6",0,"P"," ","6",0,"P"," ","6",71," "," ","6",0,"P"," ","6",0,"P"," ","6",0,"P"," ","6",356," "," ","6",0,"P"," ","6",0,"P"," ","6",0,"P"," ","6",0,"P"," ","6",97," "," ","6",0,"P"," ","6",0,"P"," ","6",0,"P"," ","6",0,"P"," ","6",0,"P"," ","6",267," "," ","6",0,"P"," ","6",0,"P"," ","6",0,"P"," ","6",NA," "," "," "
"27","USC00131099",1900,7,"PRCP",0,"P"," ","6",94," "," ","6",0,"P"," ","6",0,"P"," ","6",0,"P"," ","6",0,"P"," ","6",0,"P"," ","6",0,"P"," ","6",0,"P"," ","6",0,"P"," ","6",0,"P"," ","6",51," "," ","6",0,"P"," ","6",0,"P"," ","6",10," "," ","6",244," "," ","6",0,"P"," ","6",0,"P"," ","6",0,"P"," ","6",401," "," ","6",0,"P"," ","6",0,"P"," ","6",0,"P"," ","6",292," "," ","6",0,"P"," ","6",0,"P"," ","6",0,"P"," ","6",0,"P"," ","6",0,"P"," ","6",0,"P"," ","6",0,"P"," ","6"
"28","USC00131099",1900,8,"PRCP",0,"P"," ","6",0,"P"," ","6",0,"P"," ","6",0,"P"," ","6",0,"P"," ","6",0,"P"," ","6",0,"P"," ","6",0,"P"," ","6",0,"P"," ","6",0,"P"," ","6",201," "," ","6",229," "," ","6",64," "," ","6",396," "," ","6",953," "," ","6",0,"P"," ","6",0,"P"," ","6",0,"P"," ","6",0,"P"," ","6",0,"P"," ","6",0,"P"," ","6",0,"P"," ","6",170," "," ","6",0,"P"," ","6",0,"P"," ","6",0,"P"," ","6",0,"P"," ","6",0,"P"," ","6",0,"P"," ","6",0,"P"," ","6",0,"P"," ","6"
"29","USC00131099",1900,9,"PRCP",0,"P"," ","6",0,"P"," ","6",0,"P"," ","6",0,"P"," ","6",0,"P"," ","6",0,"P"," ","6",0,"P"," ","6",0,"P"," ","6",0,"P"," ","6",0,"P"," ","6",0,"P"," ","6",0,"P"," ","6",0,"P"," ","6",0,"P"," ","6",0,"P"," ","6",0,"P"," ","6",0,"P"," ","6",183," "," ","6",0,"P"," ","6",0,"P"," ","6",0,"P"," ","6",259," "," ","6",0,"P"," ","6",183," "," ","6",0,"P"," ","6",452," "," ","6",0,"P"," ","6",0,"P"," ","6",0,"P"," ","6",0,"P"," ","6",NA," "," "," "
"30","USC00131099",1900,10,"PRCP",157," "," ","6",0,"P"," ","6",0,"P"," ","6",0,"P"," ","6",0,"P"," ","6",0,"P"," ","6",0,"P"," ","6",0,"P"," ","6",0,"P"," ","6",0,"P"," ","6",0,"P"," ","6",0,"P"," ","6",0,"P"," ","6",0,"P"," ","6",0,"P"," ","6",0,"P"," ","6",0,"P"," ","6",0,"P"," ","6",0,"P"," ","6",0,"P"," ","6",107," "," ","6",0,"P"," ","6",0,"P"," ","6",0,"P"," ","6",0,"P"," ","6",0,"P"," ","6",0,"P"," ","6",122," "," ","6",127," "," ","6",0,"P"," ","6",381," "," ","6"
"31","USC00131099",1900,11,"PRCP",0,"P"," ","6",0,"P"," ","6",0,"P"," ","6",0,"P"," ","6",0,"P"," ","6",0,"P"," ","6",0,"P"," ","6",0,"P"," ","6",0,"P"," ","6",0,"P"," ","6",0,"P"," ","6",0,"P"," ","6",0,"P"," ","6",0,"P"," ","6",0,"P"," ","6",0,"P"," ","6",0,"P"," ","6",307," "," ","6",0,"P"," ","6",64," "," ","6",0,"P"," ","6",0,"P"," ","6",51," "," ","6",0,"P"," ","6",0,"P"," ","6",0,"P"," ","6",0,"P"," ","6",0,"P"," ","6",0,"P"," ","6",0,"P"," ","6",NA," "," "," "
"33","USC00131099",1900,12,"PRCP",0,"P"," ","6",0,"P"," ","6",0,"P"," ","6",0,"P"," ","6",0,"P"," ","6",25," "," ","6",0,"P"," ","6",0,"P"," ","6",0,"P"," ","6",0,"P"," ","6",0,"P"," ","6",0,"P"," ","6",0,"P"," ","6",0,"P"," ","6",0,"P"," ","6",0,"P"," ","6",0,"P"," ","6",0,"P"," ","6",0,"P"," ","6",0,"P"," ","6",0,"P"," ","6",0,"P"," ","6",229," "," ","6",NA," "," "," ",25," "," ","6",0,"P"," ","6",0,"P"," ","6",0,"P"," ","6",0,"P"," ","6",0,"P"," ","6",0,"P"," ","6"
"35","USC00131099",1901,1,"PRCP",0,"P"," ","6",0,"P"," ","6",0,"P"," ","6",0,"P"," ","6",0,"P"," ","6",0,"P"," ","6",0,"P"," ","6",0,"P"," ","6",0,"P"," ","6",152," "," ","6",0,"P"," ","6",0,"P"," ","6",0,"P"," ","6",0,"P"," ","6",0,"P"," ","6",0,"P"," ","6",38," "," ","6",0,"P"," ","6",0,"P"," ","6",0,"P"," ","6",0,"P"," ","6",0,"P"," ","6",0,"P"," ","6",0,"P"," ","6",0,"P"," ","6",0,"P"," ","6",0,"P"," ","6",0,"P"," ","6",0,"P"," ","6",0,"P"," ","6",0,"P"," ","6"
"37","USC00131099",1901,2,"PRCP",0,"T"," ","6",0,"T"," ","6",102," "," ","6",0,"P"," ","6",0,"P"," ","6",NA," "," "," ",0,"P"," ","6",216," "," ","6",0,"P"," ","6",0,"P"," ","6",0,"P"," ","6",0,"P"," ","6",0,"P"," ","6",0,"P"," ","6",0,"P"," ","6",0,"P"," ","6",0,"P"," ","6",0,"P"," ","6",0,"P"," ","6",0,"P"," ","6",0,"T"," ","6",0,"T"," ","6",0,"P"," ","6",0,"P"," ","6",0,"P"," ","6",0,"P"," ","6",0,"P"," ","6",0,"P"," ","6",NA," "," "," ",NA," "," "," ",NA," "," "," "
"39","USC00131099",1901,3,"PRCP",NA," "," "," ",NA," "," "," ",NA," "," "," ",0,"T"," ","6",NA," "," "," ",NA," "," "," ",NA," "," "," ",NA," "," "," ",127," "," ","6",NA," "," "," ",NA," "," "," ",NA," "," "," ",41," "," ","6",13," "," ","6",NA," "," "," ",NA," "," "," ",NA," "," "," ",NA," "," "," ",119," "," ","6",0,"T"," ","6",NA," "," "," ",NA," "," "," ",NA," "," "," ",81," "," ","6",NA," "," "," ",NA," "," "," ",NA," "," "," ",NA," "," "," ",89," "," ","6",NA," "," "," ",NA," "," "," "
"41","USC00131099",1901,4,"PRCP",0,"P"," ","6",25," "," ","6",0,"P"," ","6",0,"P"," ","6",406," "," ","6",0,"P"," ","6",0,"P"," ","6",0,"P"," ","6",0,"P"," ","6",0,"P"," ","6",0,"P"," ","6",0,"P"," ","6",0,"P"," ","6",0,"P"," ","6",0,"P"," ","6",107," "," ","6",0,"P"," ","6",0,"P"," ","6",0,"P"," ","6",0,"P"," ","6",0,"P"," ","6",0,"P"," ","6",0,"P"," ","6",0,"P"," ","6",0,"P"," ","6",0,"P"," ","6",0,"P"," ","6",0,"P"," ","6",0,"P"," ","6",0,"P"," ","6",NA," "," "," "
"44","USC00131099",1901,5,"PRCP",0,"P"," ","6",0,"P"," ","6",0,"P"," ","6",0,"P"," ","6",0,"T"," ","6",178," "," ","6",79," "," ","6",0,"P"," ","6",0,"P"," ","6",43," "," ","6",0,"P"," ","6",0,"P"," ","6",0,"P"," ","6",0,"P"," ","6",0,"P"," ","6",0,"P"," ","6",0,"P"," ","6",0,"P"," ","6",0,"P"," ","6",0,"P"," ","6",0,"T"," ","6",64," "," ","6",0,"P"," ","6",0,"P"," ","6",0,"P"," ","6",0,"P"," ","6",0,"P"," ","6",0,"P"," ","6",0,"P"," ","6",0,"P"," ","6",0,"P"," ","6"
"45","USC00131099",1901,6,"PRCP",18," "," ","6",18," "," ","6",0,"P"," ","6",394," "," ","6",0,"P"," ","6",0,"P"," ","6",0,"P"," ","6",0,"P"," ","6",74," "," ","6",0,"P"," ","6",0,"P"," ","6",0,"P"," ","6",0,"P"," ","6",0,"P"," ","6",0,"P"," ","6",0,"P"," ","6",107," "," ","6",0,"P"," ","6",0,"P"," ","6",84," "," ","6",94," "," ","6",0,"P"," ","6",0,"P"," ","6",0,"P"," ","6",0,"P"," ","6",0,"P"," ","6",0,"P"," ","6",0,"P"," ","6",0,"P"," ","6",0,"P"," ","6",NA," "," "," "
"46","USC00131099",1901,7,"PRCP",97," "," ","6",0,"P"," ","6",0,"P"," ","6",0,"P"," ","6",0,"P"," ","6",0,"P"," ","6",0,"P"," ","6",0,"P"," ","6",0,"P"," ","6",0,"P"," ","6",0,"P"," ","6",0,"P"," ","6",0,"P"," ","6",0,"P"," ","6",0,"P"," ","6",0,"P"," ","6",30," "," ","6",0,"P"," ","6",0,"P"," ","6",0,"P"," ","6",0,"P"," ","6",0,"P"," ","6",0,"P"," ","6",13," "," ","6",0,"P"," ","6",0,"P"," ","6",0,"P"," ","6",251," "," ","6",241," "," ","6",18," "," ","6",0,"P"," ","6"
"47","USC00131099",1901,8,"PRCP",0,"P"," ","6",0,"P"," ","6",0,"P"," ","6",0,"P"," ","6",0,"P"," ","6",0,"P"," ","6",0,"P"," ","6",0,"P"," ","6",64," "," ","6",0,"P"," ","6",0,"P"," ","6",0,"P"," ","6",0,"P"," ","6",0,"P"," ","6",0,"P"," ","6",0,"P"," ","6",0,"P"," ","6",0,"P"," ","6",0,"P"," ","6",0,"P"," ","6",30," "," ","6",0,"P"," ","6",0,"P"," ","6",0,"P"," ","6",25," "," ","6",0,"P"," ","6",0,"P"," ","6",0,"P"," ","6",122," "," ","6",0,"P"," ","6",0,"P"," ","6"
"48","USC00131099",1901,9,"PRCP",0,"P"," ","6",0,"P"," ","6",0,"P"," ","6",0,"P"," ","6",0,"P"," ","6",0,"P"," ","6",0,"P"," ","6",0,"P"," ","6",0,"P"," ","6",0,"P"," ","6",0,"P"," ","6",330," "," ","6",0,"P"," ","6",0,"P"," ","6",0,"P"," ","6",0,"P"," ","6",0,"P"," ","6",0,"P"," ","6",0,"P"," ","6",76," "," ","6",0,"P"," ","6",0,"P"," ","6",0,"P"," ","6",0,"P"," ","6",0,"P"," ","6",0,"P"," ","6",0,"P"," ","6",0,"P"," ","6",0,"P"," ","6",0,"P"," ","6",NA," "," "," "
"49","USC00131099",1901,10,"PRCP",25," "," ","6",0,"P"," ","6",0,"P"," ","6",0,"P"," ","6",0,"P"," ","6",0,"P"," ","6",0,"P"," ","6",51," "," ","6",58," "," ","6",0,"P"," ","6",0,"P"," ","6",0,"P"," ","6",0,"P"," ","6",0,"P"," ","6",0,"P"," ","6",0,"P"," ","6",0,"P"," ","6",0,"P"," ","6",0,"P"," ","6",0,"P"," ","6",0,"P"," ","6",0,"P"," ","6",0,"P"," ","6",0,"P"," ","6",0,"P"," ","6",0,"P"," ","6",0,"P"," ","6",0,"P"," ","6",0,"P"," ","6",0,"P"," ","6",203," "," ","6"
"50","USC00131099",1901,11,"PRCP",0,"P"," ","6",140," "," ","6",0,"P"," ","6",0,"P"," ","6",0,"P"," ","6",0,"P"," ","6",0,"P"," ","6",0,"P"," ","6",0,"P"," ","6",0,"P"," ","6",0,"P"," ","6",0,"P"," ","6",0,"P"," ","6",0,"P"," ","6",0,"P"," ","6",0,"P"," ","6",0,"P"," ","6",0,"P"," ","6",0,"P"," ","6",0,"P"," ","6",0,"P"," ","6",0,"P"," ","6",0,"P"," ","6",0,"P"," ","6",0,"P"," ","6",0,"P"," ","6",0,"P"," ","6",0,"P"," ","6",0,"P"," ","6",0,"P"," ","6",NA," "," "," "
"52","USC00131099",1901,12,"PRCP",NA," "," "," ",0,"P"," ","6",0,"P"," ","6",0,"P"," ","6",0,"P"," ","6",0,"P"," ","6",25," "," ","6",0,"P"," ","6",0,"P"," ","6",0,"P"," ","6",0,"P"," ","6",330," "," ","6",0,"P"," ","6",0,"P"," ","6",0,"P"," ","6",0,"P"," ","6",0,"P"," ","6",0,"P"," ","6",0,"P"," ","6",0,"P"," ","6",0,"P"," ","6",0,"P"," ","6",0,"P"," ","6",0,"P"," ","6",0,"P"," ","6",0,"P"," ","6",0,"P"," ","6",0,"P"," ","6",0,"P"," ","6",0,"P"," ","6",0,"P"," ","6"
"54","USC00131099",1902,1,"PRCP",0,"P"," ","6",0,"P"," ","6",0,"P"," ","6",0,"P"," ","6",0,"P"," ","6",0,"P"," ","6",0,"P"," ","6",0,"P"," ","6",0,"P"," ","6",0,"P"," ","6",0,"P"," ","6",0,"P"," ","6",0,"P"," ","6",0,"P"," ","6",0,"P"," ","6",0,"P"," ","6",0,"P"," ","6",0,"P"," ","6",0,"P"," ","6",76," "," ","6",0,"P"," ","6",0,"P"," ","6",0,"P"," ","6",0,"P"," ","6",0,"T"," ","6",102," "," ","6",25," "," ","6",0,"T"," ","6",51," "," ","6",0,"P"," ","6",0,"P"," ","6"
"56","USC00131099",1902,2,"PRCP",0,"T"," ","6",0,"P"," ","6",0,"P"," ","6",0,"P"," ","6",0,"P"," ","6",0,"P"," ","6",0,"P"," ","6",0,"P"," ","6",0,"P"," ","6",25," "," ","6",0,"P"," ","6",0,"P"," ","6",0,"P"," ","6",0,"P"," ","6",0,"P"," ","6",0,"P"," ","6",0,"P"," ","6",0,"P"," ","6",0,"P"," ","6",0,"P"," ","6",0,"P"," ","6",0,"P"," ","6",0,"P"," ","6",0,"P"," ","6",0,"P"," ","6",0,"P"," ","6",323," "," ","6",38," "," ","6",NA," "," "," ",NA," "," "," ",NA," "," "," "
"58","USC00131099",1902,3,"PRCP",0,"T"," ","6",0,"P"," ","6",0,"P"," ","6",0,"P"," ","6",0,"P"," ","6",0,"P"," ","6",0,"P"," ","6",0,"P"," ","6",0,"P"," ","6",76," "," ","6",0,"P"," ","6",0,"P"," ","6",0,"P"," ","6",0,"P"," ","6",0,"P"," ","6",0,"P"," ","6",0,"P"," ","6",0,"P"," ","6",0,"P"," ","6",0,"P"," ","6",0,"P"," ","6",0,"P"," ","6",0,"P"," ","6",0,"P"," ","6",91," "," ","6",0,"P"," ","6",0,"P"," ","6",0,"P"," ","6",0,"P"," ","6",0,"T"," ","6",0,"P"," ","6"
"60","USC00131099",1902,4,"PRCP",0,"P"," ","6",0,"P"," ","6",0,"P"," ","6",0,"P"," ","6",0,"P"," ","6",0,"P"," ","6",0,"P"," ","6",0,"P"," ","6",0,"P"," ","6",0,"P"," ","6",10," "," ","6",0,"P"," ","6",0,"P"," ","6",0,"P"," ","6",0,"P"," ","6",0,"P"," ","6",0,"P"," ","6",0,"P"," ","6",20," "," ","6",0,"P"," ","6",0,"P"," ","6",0,"P"," ","6",0,"P"," ","6",203," "," ","6",36," "," ","6",0,"P"," ","6",84," "," ","6",25," "," ","6",0,"P"," ","6",0,"P"," ","6",NA," "," "," "
"61","USC00131099",1902,5,"PRCP",51," "," ","6",81," "," ","6",104," "," ","6",284," "," ","6",107," "," ","6",NA," "," "," ",NA," "," "," ",NA," "," "," ",NA," "," "," ",NA," "," "," ",NA," "," "," ",249," "," ","6",NA," "," "," ",NA," "," "," ",23," "," ","6",NA," "," "," ",30," "," ","6",NA," "," "," ",NA," "," "," ",NA," "," "," ",292," "," ","6",NA," "," "," ",51," "," ","6",NA," "," "," ",NA," "," "," ",NA," "," "," ",NA," "," "," ",NA," "," "," ",NA," "," "," ",NA," "," "," ",NA," "," "," "
"62","USC00131099",1902,6,"PRCP",318," "," ","6",0,"P"," ","6",0,"P"," ","6",0,"P"," ","6",0,"P"," ","6",216," "," ","6",0,"P"," ","6",0,"P"," ","6",0,"P"," ","6",0,"P"," ","6",203," "," ","6",127," "," ","6",0,"P"," ","6",0,"P"," ","6",0,"P"," ","6",0,"P"," ","6",0,"P"," ","6",0,"P"," ","6",112," "," ","6",0,"P"," ","6",0,"P"," ","6",0,"P"," ","6",157," "," ","6",0,"P"," ","6",0,"P"," ","6",0,"P"," ","6",211," "," ","6",0,"P"," ","6",152," "," ","6",0,"P"," ","6",NA," "," "," "
"63","USC00131099",1902,7,"PRCP",0,"T"," ","6",0,"P"," ","6",0,"P"," ","6",0,"P"," ","6",216," "," ","6",0,"P"," ","6",0,"P"," ","6",0,"P"," ","6",630," "," ","6",0,"P"," ","6",0,"P"," ","6",0,"P"," ","6",211," "," ","6",0,"P"," ","6",0,"P"," ","6",0,"P"," ","6",787," "," ","6",0,"P"," ","6",0,"P"," ","6",0,"P"," ","6",0,"P"," ","6",0,"P"," ","6",0,"P"," ","6",0,"P"," ","6",0,"P"," ","6",0,"P"," ","6",0,"P"," ","6",0,"P"," ","6",0,"P"," ","6",0,"P"," ","6",0,"P"," ","6"
"64","USC00131099",1902,10,"PRCP",NA," "," "," ",NA," "," "," ",NA," "," "," ",NA," "," "," ",NA," "," "," ",NA," "," "," ",NA," "," "," ",NA," "," "," ",NA," "," "," ",NA," "," "," ",NA," "," "," ",NA," "," "," ",381," "," ","6",NA," "," "," ",NA," "," "," ",NA," "," "," ",445," "," ","6",NA," "," "," ",NA," "," "," ",NA," "," "," ",NA," "," "," ",NA," "," "," ",NA," "," "," ",NA," "," "," ",NA," "," "," ",NA," "," "," ",NA," "," "," ",NA," "," "," ",NA," "," "," ",NA," "," "," ",86," "," ","6"
"65","USC00131099",1902,11,"PRCP",0,"P"," ","6",140," "," ","6",0,"P"," ","6",46," "," ","6",0,"P"," ","6",0,"P"," ","6",0,"P"," ","6",0,"P"," ","6",0,"P"," ","6",13," "," ","6",0,"P"," ","6",0,"P"," ","6",0,"P"," ","6",241," "," ","6",0,"P"," ","6",13," "," ","6",0,"P"," ","6",0,"P"," ","6",0,"P"," ","6",0,"P"," ","6",0,"P"," ","6",0,"P"," ","6",0,"P"," ","6",0,"P"," ","6",0,"P"," ","6",0,"P"," ","6",0,"P"," ","6",0,"P"," ","6",25," "," ","6",0,"P"," ","6",NA," "," "," "
"66","USC00131099",1966,8,"PRCP",NA," "," "," ",NA," "," "," ",NA," "," "," ",NA," "," "," ",NA," "," "," ",NA," "," "," ",76," "," ","6",NA," "," "," ",NA," "," "," ",NA," "," "," ",NA," "," "," ",NA," "," "," ",127," "," ","6",NA," "," "," ",NA," "," "," ",NA," "," "," ",381," "," ","6",NA," "," "," ",NA," "," "," ",127," "," ","6",NA," "," "," ",NA," "," "," ",NA," "," "," ",NA," "," "," ",NA," "," "," ",NA," "," "," ",NA," "," "," ",NA," "," "," ",NA," "," "," ",NA," "," "," ",NA," "," "," "
"67","USC00131099",1968,3,"PRCP",NA," "," "," ",NA," "," "," ",NA," "," "," ",NA," "," "," ",NA," "," "," ",NA," "," "," ",NA," "," "," ",163," "," ","6",NA," "," "," ",NA," "," "," ",NA," "," "," ",NA," "," "," ",NA," "," "," ",NA," "," "," ",NA," "," "," ",NA," "," "," ",NA," "," "," ",NA," "," "," ",NA," "," "," ",NA," "," "," ",NA," "," "," ",NA," "," "," ",NA," "," "," ",NA," "," "," ",NA," "," "," ",NA," "," "," ",NA," "," "," ",NA," "," "," ",NA," "," "," ",NA," "," "," ",NA," "," "," "
"68","USC00131099",1968,4,"PRCP",NA," "," "," ",NA," "," "," ",NA," "," "," ",NA," "," "," ",NA," "," "," ",NA," "," "," ",NA," "," "," ",NA," "," "," ",NA," "," "," ",NA," "," "," ",NA," "," "," ",NA," "," "," ",NA," "," "," ",165," "," ","6",NA," "," "," ",NA," "," "," ",203," "," ","6",NA," "," "," ",NA," "," "," ",NA," "," "," ",NA," "," "," ",NA," "," "," ",330," "," ","6",NA," "," "," ",NA," "," "," ",NA," "," "," ",NA," "," "," ",NA," "," "," ",NA," "," "," ",NA," "," "," ",NA," "," "," "
"69","USC00131099",1968,5,"PRCP",NA," "," "," ",NA," "," "," ",NA," "," "," ",NA," "," "," ",NA," "," "," ",NA," "," "," ",NA," "," "," ",NA," "," "," ",NA," "," "," ",NA," "," "," ",NA," "," "," ",NA," "," "," ",NA," "," "," ",NA," "," "," ",NA," "," "," ",NA," "," "," ",NA," "," "," ",NA," "," "," ",NA," "," "," ",NA," "," "," ",NA," "," "," ",64," "," ","6",NA," "," "," ",NA," "," "," ",NA," "," "," ",NA," "," "," ",NA," "," "," ",NA," "," "," ",NA," "," "," ",NA," "," "," ",NA," "," "," "
"70","USC00131099",1968,6,"PRCP",NA," "," "," ",NA," "," "," ",NA," "," "," ",NA," "," "," ",NA," "," "," ",NA," "," "," ",NA," "," "," ",NA," "," "," ",NA," "," "," ",318," "," ","6",NA," "," "," ",NA," "," "," ",NA," "," "," ",NA," "," "," ",NA," "," "," ",NA," "," "," ",NA," "," "," ",NA," "," "," ",NA," "," "," ",NA," "," "," ",NA," "," "," ",NA," "," "," ",NA," "," "," ",NA," "," "," ",NA," "," "," ",NA," "," "," ",NA," "," "," ",208," "," ","6",NA," "," "," ",NA," "," "," ",NA," "," "," "
"71","USC00131099",1968,7,"PRCP",NA," "," "," ",NA," "," "," ",76," "," ","6",NA," "," "," ",NA," "," "," ",NA," "," "," ",NA," "," "," ",NA," "," "," ",NA," "," "," ",NA," "," "," ",NA," "," "," ",NA," "," "," ",NA," "," "," ",NA," "," "," ",NA," "," "," ",538," "," ","6",NA," "," "," ",NA," "," "," ",NA," "," "," ",NA," "," "," ",NA," "," "," ",NA," "," "," ",NA," "," "," ",254," "," ","6",NA," "," "," ",NA," "," "," ",NA," "," "," ",NA," "," "," ",NA," "," "," ",NA," "," "," ",NA," "," "," "
"72","USC00131099",1968,8,"PRCP",NA," "," "," ",NA," "," "," ",NA," "," "," ",NA," "," "," ",64," "," ","6",NA," "," "," ",152," "," ","6",NA," "," "," ",NA," "," "," ",NA," "," "," ",NA," "," "," ",NA," "," "," ",NA," "," "," ",NA," "," "," ",NA," "," "," ",NA," "," "," ",NA," "," "," ",NA," "," "," ",NA," "," "," ",NA," "," "," ",NA," "," "," ",NA," "," "," ",NA," "," "," ",NA," "," "," ",NA," "," "," ",NA," "," "," ",NA," "," "," ",NA," "," "," ",NA," "," "," ",343," "," ","6",NA," "," "," "
"73","USC00131099",1968,10,"PRCP",NA," "," "," ",NA," "," "," ",NA," "," "," ",NA," "," "," ",NA," "," "," ",NA," "," "," ",NA," "," "," ",NA," "," "," ",NA," "," "," ",NA," "," "," ",NA," "," "," ",NA," "," "," ",NA," "," "," ",NA," "," "," ",NA," "," "," ",NA," "," "," ",NA," "," "," ",NA," "," "," ",NA," "," "," ",NA," "," "," ",NA," "," "," ",NA," "," "," ",NA," "," "," ",NA," "," "," ",NA," "," "," ",NA," "," "," ",51," "," ","6",NA," "," "," ",NA," "," "," ",NA," "," "," ",NA," "," "," "
"74","USC00131099",1968,12,"PRCP",NA," "," "," ",NA," "," "," ",NA," "," "," ",NA," "," "," ",NA," "," "," ",NA," "," "," ",NA," "," "," ",NA," "," "," ",NA," "," "," ",NA," "," "," ",NA," "," "," ",NA," "," "," ",NA," "," "," ",NA," "," "," ",NA," "," "," ",NA," "," "," ",NA," "," "," ",NA," "," "," ",NA," "," "," ",NA," "," "," ",NA," "," "," ",NA," "," "," ",NA," "," "," ",NA," "," "," ",NA," "," "," ",NA," "," "," ",0,"T"," ","6",0,"T"," ","6",NA," "," "," ",NA," "," "," ",NA," "," "," "
"75","USC00131099",1969,2,"PRCP",NA," "," "," ",NA," "," "," ",NA," "," "," ",NA," "," "," ",NA," "," "," ",NA," "," "," ",NA," "," "," ",NA," "," "," ",NA," "," "," ",NA," "," "," ",NA," "," "," ",NA," "," "," ",NA," "," "," ",NA," "," "," ",NA," "," "," ",NA," "," "," ",NA," "," "," ",NA," "," "," ",NA," "," "," ",NA," "," "," ",635," "," ","6",NA," "," "," ",NA," "," "," ",NA," "," "," ",NA," "," "," ",NA," "," "," ",1143," "," ","6",NA," "," "," ",NA," "," "," ",NA," "," "," ",NA," "," "," "
"76","USC00131099",1969,3,"PRCP",NA," "," "," ",NA," "," "," ",NA," "," "," ",NA," "," "," ",NA," "," "," ",NA," "," "," ",NA," "," "," ",NA," "," "," ",NA," "," "," ",NA," "," "," ",NA," "," "," ",NA," "," "," ",NA," "," "," ",NA," "," "," ",NA," "," "," ",NA," "," "," ",NA," "," "," ",NA," "," "," ",NA," "," "," ",NA," "," "," ",NA," "," "," ",NA," "," "," ",NA," "," "," ",191," "," ","6",NA," "," "," ",NA," "," "," ",NA," "," "," ",NA," "," "," ",NA," "," "," ",NA," "," "," ",NA," "," "," "
"77","USC00131099",1969,5,"PRCP",NA," "," "," ",NA," "," "," ",NA," "," "," ",NA," "," "," ",NA," "," "," ",NA," "," "," ",NA," "," "," ",318," "," ","6",NA," "," "," ",NA," "," "," ",NA," "," "," ",NA," "," "," ",NA," "," "," ",NA," "," "," ",NA," "," "," ",NA," "," "," ",127," "," ","6",NA," "," "," ",51," "," ","6",NA," "," "," ",406," "," ","6",NA," "," "," ",NA," "," "," ",NA," "," "," ",NA," "," "," ",NA," "," "," ",NA," "," "," ",NA," "," "," ",NA," "," "," ",NA," "," "," ",NA," "," "," "
"78","USC00131099",1969,8,"PRCP",NA," "," "," ",NA," "," "," ",NA," "," "," ",NA," "," "," ",NA," "," "," ",127," "," ","6",NA," "," "," ",NA," "," "," ",127," "," ","6",NA," "," "," ",NA," "," "," ",NA," "," "," ",NA," "," "," ",NA," "," "," ",NA," "," "," ",NA," "," "," ",NA," "," "," ",NA," "," "," ",NA," "," "," ",25," "," ","6",NA," "," "," ",NA," "," "," ",NA," "," "," ",NA," "," "," ",NA," "," "," ",NA," "," "," ",NA," "," "," ",NA," "," "," ",NA," "," "," ",NA," "," "," ",127," "," ","6"
"79","USC00131099",1969,9,"PRCP",NA," "," "," ",NA," "," "," ",NA," "," "," ",51," "," ","6",NA," "," "," ",NA," "," "," ",NA," "," "," ",NA," "," "," ",NA," "," "," ",NA," "," "," ",NA," "," "," ",NA," "," "," ",NA," "," "," ",NA," "," "," ",NA," "," "," ",NA," "," "," ",NA," "," "," ",NA," "," "," ",NA," "," "," ",NA," "," "," ",NA," "," "," ",NA," "," "," ",762," "," ","6",NA," "," "," ",76," "," ","6",254," "," ","6",NA," "," "," ",NA," "," "," ",51," "," ","6",NA," "," "," ",NA," "," "," "
"80","USC00131099",1969,10,"PRCP",NA," "," "," ",NA," "," "," ",NA," "," "," ",NA," "," "," ",NA," "," "," ",102," "," ","6",NA," "," "," ",NA," "," "," ",NA," "," "," ",191," "," ","6",NA," "," "," ",NA," "," "," ",406," "," ","6",NA," "," "," ",NA," "," "," ",NA," "," "," ",NA," "," "," ",127," "," ","6",64," "," ","6",NA," "," "," ",NA," "," "," ",NA," "," "," ",NA," "," "," ",NA," "," "," ",NA," "," "," ",NA," "," "," ",NA," "," "," ",NA," "," "," ",0,"T"," ","6",0,"T"," ","6",NA," "," "," "
"81","USC00131099",1969,12,"PRCP",NA," "," "," ",NA," "," "," ",NA," "," "," ",NA," "," "," ",NA," "," "," ",1270," "," ","6",NA," "," "," ",NA," "," "," ",NA," "," "," ",NA," "," "," ",NA," "," "," ",NA," "," "," ",NA," "," "," ",NA," "," "," ",NA," "," "," ",NA," "," "," ",NA," "," "," ",NA," "," "," ",NA," "," "," ",NA," "," "," ",NA," "," "," ",NA," "," "," ",1016," "," ","6",NA," "," "," ",NA," "," "," ",NA," "," "," ",NA," "," "," ",NA," "," "," ",NA," "," "," ",NA," "," "," ",NA," "," "," "
"82","USC00131099",1970,11,"PRCP",NA," "," "," ",NA," "," "," ",NA," "," "," ",NA," "," "," ",NA," "," "," ",NA," "," "," ",NA," "," "," ",NA," "," "," ",NA," "," "," ",NA," "," "," ",NA," "," "," ",NA," "," "," ",NA," "," "," ",NA," "," "," ",NA," "," "," ",NA," "," "," ",NA," "," "," ",NA," "," "," ",NA," "," "," ",NA," "," "," ",NA," "," "," ",NA," "," "," ",NA," "," "," ",NA," "," "," ",NA," "," "," ",0,"T"," ","6",NA," "," "," ",NA," "," "," ",NA," "," "," ",NA," "," "," ",NA," "," "," "
"83","USC00131099",1970,12,"PRCP",NA," "," "," ",NA," "," "," ",NA," "," "," ",NA," "," "," ",NA," "," "," ",NA," "," "," ",NA," "," "," ",NA," "," "," ",NA," "," "," ",0,"T"," ","6",0,"T"," ","6",NA," "," "," ",NA," "," "," ",NA," "," "," ",NA," "," "," ",NA," "," "," ",NA," "," "," ",NA," "," "," ",NA," "," "," ",NA," "," "," ",NA," "," "," ",NA," "," "," ",NA," "," "," ",NA," "," "," ",NA," "," "," ",NA," "," "," ",NA," "," "," ",NA," "," "," ",NA," "," "," ",NA," "," "," ",NA," "," "," "
